asset_name,asset_type,department,asset_criticality
web-server-01,Server,IT,Medium
db-prod-02,Database,Engineering,Critical
fw-edge-01,Firewall,IT,High
user-workstation-44,Workstation,HR,Low
auth-server-01,Server,Security,Critical
auth-server-02,Server,Security,Critical
payment-gateway,Server,Finance,High
vpn-concentrator,Network,IT,Medium
db-prod-03,Database,Engineering,Critical
asset_name,asset_type,department,asset_criticality
web-server-01,Server,IT,Medium
db-prod-02,Database,Engineering,Critical
fw-edge-01,Firewall,IT,High
user-workstation-44,Workstation,HR,Low
auth-server-01,Server,Security,Critical
auth-server-02,Server,Security,Critical
payment-gateway,Server,Finance,High
vpn-concentrator,Network,IT,Medium
db-prod-03,Database,Engineering,Critical
finance-db-01,Database,Finance,Critical
app-gateway-east,Network,IT,High
vpn-node-01,Network,Security,High
hr-portal-internal,Server,HR,Medium
core-banking-db,Database,Finance,Critical
swift-payment-fw,Firewall,Finance,Critical