timestamp,alert_id,entity_id,asset_name,alert_category,alert_severity,time_to_close_seconds,escalated,resolution_notes
2026-09-14T10:00:00Z,AL-1001,ENT-A,web-server-01,Malware,Medium,3600,True,"Analyzed payload in sandbox. Quarantined file and wiped directory."
2026-09-14T11:15:00Z,AL-1002,ENT-A,db-prod-02,Unauthorized Access,Critical,4,False,"Checked logs. All good."
2026-09-14T09:30:00Z,AL-1003,ENT-B,fw-edge-01,DDoS,High,4500,True,"Applied rate limiting to source IPs. Traffic normalized."
2026-09-14T14:20:00Z,AL-1004,ENT-A,user-workstation-44,Phishing,Low,12,False,"Checked logs. All good."
2026-09-14T08:05:00Z,AL-1005,ENT-C,auth-server-01,Brute Force,Critical,14,False,"Checked logs. All good."
2026-09-16T16:45:00Z,AL-1006,ENT-C,auth-server-02,Brute Force,Critical,7200,True,"Investigated failed logins. Reset user credentials and blocked IP."
2026-09-16T11:10:00Z,AL-1007,ENT-B,payment-gateway,Data Exfiltration,High,9,False,"Resolved."
2026-09-16T13:00:00Z,AL-1008,ENT-A,web-server-01,Malware,Medium,4100,True,"Identified adware strain. Removed and ran full system scan."
2026-09-16T15:30:00Z,AL-1009,ENT-D,vpn-concentrator,Anomalous Login,Medium,8,False,"Checked logs. All good."
2026-09-16T08:15:00Z,AL-1011,ENT-A,finance-db-01,Malware,High,3806,True,"Quarantined suspicious email attachment. Ran full EDR scan, no infection found."
2026-09-18T08:30:00Z,AL-1012,ENT-A,finance-db-01,Malware,Low,1509,False,"Updated WAF rules to block SQLi attempts from the offending subnet."
2026-09-18T08:45:00Z,AL-1013,ENT-A,web-server-01,Malware,Medium,2669,False,"False alarm triggered by vulnerability scanner."
2026-09-18T09:00:00Z,AL-1014,ENT-A,app-gateway-east,Suspicious Login,High,2073,True,"Verified with DB admin, large export was authorized."
2026-09-18T09:15:00Z,AL-1015,ENT-A,db-prod-02,Data Exfiltration,Low,416,False,"Quarantined suspicious email attachment. Ran full EDR scan, no infection found."
2026-09-18T09:30:00Z,AL-1016,ENT-A,app-gateway-east,Suspicious Login,High,6241,True,"Quarantined suspicious email attachment. Ran full EDR scan, no infection found."
2026-09-19T09:45:00Z,AL-1017,ENT-A,app-gateway-east,Data Exfiltration,Critical,2,False,"User confirmed login from new device. Marked as safe."
2026-09-19T10:00:00Z,AL-1018,ENT-A,finance-db-01,Phishing,Critical,5156,False,"Checked logs. All good."
2026-09-19T10:15:00Z,AL-1019,ENT-A,db-prod-02,Suspicious Login,Critical,11,False,"Verified with DB admin, large export was authorized."
2026-09-19T10:30:00Z,AL-1020,ENT-A,finance-db-01,Suspicious Login,High,3963,True,"Verified with DB admin, large export was authorized."
2026-09-20T10:45:00Z,AL-1021,ENT-A,vpn-node-01,Suspicious Login,High,2608,False,"Patched vulnerable service and rebooted server."
2026-09-20T11:00:00Z,AL-1022,ENT-A,web-server-01,Data Exfiltration,Medium,2687,False,"Updated WAF rules to block SQLi attempts from the offending subnet."
2026-09-20T11:15:00Z,AL-1023,ENT-A,finance-db-01,Data Exfiltration,Critical,4638,True,"Traffic spike was due to marketing campaign. No DDoS detected."
2026-09-20T11:30:00Z,AL-1024,ENT-A,db-prod-02,Unauthorized Access,Medium,804,False,"Checked logs. All good."
2026-09-20T11:45:00Z,AL-1025,ENT-A,db-prod-02,Suspicious Login,Critical,3935,True,"Patched vulnerable service and rebooted server."
2026-09-21T12:00:00Z,AL-1026,ENT-A,db-prod-02,Unauthorized Access,Medium,1729,False,"False alarm triggered by vulnerability scanner."
2026-09-21T12:15:00Z,AL-1027,ENT-A,finance-db-01,Phishing,Medium,1931,False,"Patched vulnerable service and rebooted server."
2026-09-21T12:30:00Z,AL-1028,ENT-A,web-server-01,DDoS,Low,418,False,"Reset user credentials and enforced MFA after suspicious login attempt."
2026-09-21T12:45:00Z,AL-1029,ENT-A,finance-db-01,Data Exfiltration,Low,616,False,"False alarm triggered by vulnerability scanner."
2026-09-21T13:00:00Z,AL-1030,ENT-A,hr-portal-internal,Data Exfiltration,Critical,12056,True,"Updated WAF rules to block SQLi attempts from the offending subnet."
2026-09-21T13:15:00Z,AL-1031,ENT-A,web-server-01,Phishing,Low,1274,False,"Checked logs. All good."
2026-09-21T13:30:00Z,AL-1032,ENT-A,app-gateway-east,DDoS,Critical,16489,False,"Patched vulnerable service and rebooted server."
2026-09-21T13:45:00Z,AL-1033,ENT-A,vpn-node-01,Unauthorized Access,Low,1704,False,"Verified with DB admin, large export was authorized."
2026-09-21T14:00:00Z,AL-1034,ENT-A,app-gateway-east,Unauthorized Access,Medium,911,False,"Verified with DB admin, large export was authorized."
2026-09-21T14:15:00Z,AL-1035,ENT-A,vpn-node-01,Malware,High,5247,True,"False alarm triggered by vulnerability scanner."
2026-09-21T14:30:00Z,AL-1036,ENT-A,app-gateway-east,Data Exfiltration,High,7069,False,"Checked logs. All good."
2026-09-21T14:45:00Z,AL-1037,ENT-A,hr-portal-internal,Phishing,Critical,5591,False,"Checked logs. All good."
2026-09-21T15:00:00Z,AL-1038,ENT-A,app-gateway-east,Data Exfiltration,High,3,False,"Updated WAF rules to block SQLi attempts from the offending subnet."
2026-09-21T15:15:00Z,AL-1039,ENT-A,db-prod-02,DDoS,High,5156,True,"Verified with DB admin, large export was authorized."
2026-09-21T15:30:00Z,AL-1040,ENT-A,finance-db-01,Phishing,Medium,1844,False,"Updated WAF rules to block SQLi attempts from the offending subnet."
2026-09-21T15:45:00Z,AL-1041,ENT-A,hr-portal-internal,DDoS,Medium,3092,False,"Traffic spike was due to marketing campaign. No DDoS detected."
2026-09-21T16:00:00Z,AL-1042,ENT-A,db-prod-02,Phishing,Critical,8511,True,"Reset user credentials and enforced MFA after suspicious login attempt."
2026-09-21T16:15:00Z,AL-1043,ENT-A,vpn-node-01,Phishing,High,6138,False,"Traffic spike was due to marketing campaign. No DDoS detected."
2026-09-21T16:30:00Z,AL-1044,ENT-A,db-prod-02,Suspicious Login,Critical,4034,False,"Checked logs. All good."
2026-09-21T16:45:00Z,AL-1045,ENT-A,finance-db-01,DDoS,Medium,3325,False,"Patched vulnerable service and rebooted server."
2026-09-21T17:00:00Z,AL-1046,ENT-A,hr-portal-internal,DDoS,High,4451,False,"Patched vulnerable service and rebooted server."
2026-09-21T17:15:00Z,AL-1047,ENT-A,vpn-node-01,Phishing,Medium,2112,False,"Investigated logs and found no lateral movement. Blocked source IP."
2026-09-21T17:30:00Z,AL-1048,ENT-A,app-gateway-east,Unauthorized Access,Medium,3044,False,"User confirmed login from new device. Marked as safe."
2026-09-21T17:45:00Z,AL-1049,ENT-A,db-prod-02,DDoS,High,5,False,"Traffic spike was due to marketing campaign. No DDoS detected."
2026-09-21T18:00:00Z,AL-1050,ENT-A,hr-portal-internal,Phishing,Low,1273,False,"Quarantined suspicious email attachment. Ran full EDR scan, no infection found."
2026-09-21T18:15:00Z,AL-1051,ENT-A,vpn-node-01,Unauthorized Access,Medium,3324,False,"Updated WAF rules to block SQLi attempts from the offending subnet."
2026-09-21T18:30:00Z,AL-1052,ENT-A,vpn-node-01,Phishing,Medium,1729,False,"Checked logs. All good."
2026-09-21T18:45:00Z,AL-1053,ENT-A,db-prod-02,Suspicious Login,Medium,3543,False,"Updated WAF rules to block SQLi attempts from the offending subnet."
2026-09-21T19:00:00Z,AL-1054,ENT-A,finance-db-01,Phishing,Medium,3177,False,"Updated WAF rules to block SQLi attempts from the offending subnet."
2026-09-21T19:15:00Z,AL-1055,ENT-A,finance-db-01,Unauthorized Access,Low,595,False,"Traffic spike was due to marketing campaign. No DDoS detected."
2026-09-21T19:30:00Z,AL-1056,ENT-A,finance-db-01,Suspicious Login,Low,1001,False,"Verified with DB admin, large export was authorized."
2026-09-21T19:45:00Z,AL-1057,ENT-A,hr-portal-internal,Phishing,Medium,1844,False,"User confirmed login from new device. Marked as safe."
2026-09-21T20:00:00Z,AL-1058,ENT-A,vpn-node-01,Data Exfiltration,Low,1017,False,"Analyzed payload in sandbox. Quarantined file and wiped directory."
2026-09-21T20:15:00Z,AL-1059,ENT-A,vpn-node-01,Suspicious Login,Low,1716,False,"Checked logs. All good."
2026-09-21T20:30:00Z,AL-1060,ENT-A,web-server-01,Unauthorized Access,High,5827,True,"Quarantined suspicious email attachment. Ran full EDR scan, no infection found."
2026-09-21T20:45:00Z,AL-1061,ENT-A,finance-db-01,DDoS,Low,1131,False,"Investigated logs and found no lateral movement. Blocked source IP."
2026-09-21T21:00:00Z,AL-1062,ENT-A,app-gateway-east,DDoS,Medium,3474,False,"Traffic spike was due to marketing campaign. No DDoS detected."
2026-09-21T21:15:00Z,AL-1063,ENT-A,vpn-node-01,Suspicious Login,Medium,1771,False,"Checked logs. All good."
2026-09-21T21:30:00Z,AL-1064,ENT-A,vpn-node-01,Suspicious Login,Low,885,False,"Traffic spike was due to marketing campaign. No DDoS detected."
2026-09-21T21:45:00Z,AL-1065,ENT-A,vpn-node-01,Suspicious Login,Low,1652,False,"Investigated logs and found no lateral movement. Blocked source IP."
2026-09-21T22:00:00Z,AL-1066,ENT-A,finance-db-01,Phishing,High,5156,True,"User confirmed login from new device. Marked as safe."
2026-09-21T22:15:00Z,AL-1067,ENT-A,db-prod-02,Unauthorized Access,Low,1336,False,"User confirmed login from new device. Marked as safe."
2026-09-21T22:30:00Z,AL-1068,ENT-A,finance-db-01,Malware,Low,1787,False,"Verified with DB admin, large export was authorized."
2026-09-21T22:45:00Z,AL-1069,ENT-A,web-server-01,Data Exfiltration,Critical,11308,False,"Quarantined suspicious email attachment. Ran full EDR scan, no infection found."
2026-09-21T23:00:00Z,AL-1070,ENT-A,vpn-node-01,Data Exfiltration,Low,792,False,"Reset user credentials and enforced MFA after suspicious login attempt."
2026-09-21T23:15:00Z,AL-1071,ENT-A,finance-db-01,Suspicious Login,Low,314,False,"Quarantined suspicious email attachment. Ran full EDR scan, no infection found."
2026-09-21T23:30:00Z,AL-1072,ENT-A,web-server-01,DDoS,Medium,674,False,"Checked logs. All good."
2026-09-21T23:45:00Z,AL-1073,ENT-A,vpn-node-01,Phishing,High,3206,False,"False alarm triggered by vulnerability scanner."
2026-09-22T00:00:00Z,AL-1074,ENT-A,web-server-01,Suspicious Login,High,12,False,"Analyzed payload in sandbox. Quarantined file and wiped directory."
2026-09-22T00:15:00Z,AL-1075,ENT-A,hr-portal-internal,Data Exfiltration,Critical,10156,True,"Updated WAF rules to block SQLi attempts from the offending subnet."
2026-09-22T00:30:00Z,AL-1076,ENT-A,vpn-node-01,Suspicious Login,High,4,False,"Traffic spike was due to marketing campaign. No DDoS detected."
2026-09-22T00:45:00Z,AL-1077,ENT-A,app-gateway-east,Unauthorized Access,High,6,False,"Traffic spike was due to marketing campaign. No DDoS detected."
2026-09-22T01:00:00Z,AL-1078,ENT-A,db-prod-02,Malware,Low,1473,False,"Analyzed payload in sandbox. Quarantined file and wiped directory."
2026-09-22T01:15:00Z,AL-1079,ENT-A,finance-db-01,Data Exfiltration,Low,1716,False,"Analyzed payload in sandbox. Quarantined file and wiped directory."
2026-09-22T01:30:00Z,AL-1080,ENT-A,finance-db-01,Malware,High,5827,True,"Updated WAF rules to block SQLi attempts from the offending subnet."
2026-09-22T01:45:00Z,AL-1081,ENT-A,app-gateway-east,DDoS,Low,1649,False,"Quarantined suspicious email attachment. Ran full EDR scan, no infection found."
2026-09-22T02:00:00Z,AL-1082,ENT-A,web-server-01,Malware,Medium,1771,False,"Checked logs. All good."
2026-09-22T02:15:00Z,AL-1083,ENT-A,app-gateway-east,Phishing,Medium,1289,False,"False alarm triggered by vulnerability scanner."
2026-09-22T02:30:00Z,AL-1084,ENT-A,hr-portal-internal,Phishing,High,2742,False,"Traffic spike was due to marketing campaign. No DDoS detected."
2026-09-22T02:45:00Z,AL-1085,ENT-A,vpn-node-01,DDoS,Critical,3931,False,"Checked logs. All good."
2026-09-22T03:00:00Z,AL-1086,ENT-A,finance-db-01,Malware,Critical,10,False,"False alarm triggered by vulnerability scanner."
2026-09-22T03:15:00Z,AL-1087,ENT-A,web-server-01,DDoS,Low,641,False,"Patched vulnerable service and rebooted server."
2026-09-22T03:30:00Z,AL-1088,ENT-A,finance-db-01,Suspicious Login,Critical,5591,False,"Checked logs. All good."
2026-09-22T03:45:00Z,AL-1089,ENT-A,app-gateway-east,DDoS,Critical,6657,False,"Updated WAF rules to block SQLi attempts from the offending subnet."
2026-09-22T04:00:00Z,AL-1090,ENT-A,app-gateway-east,DDoS,Critical,6078,False,"Quarantined suspicious email attachment. Ran full EDR scan, no infection found."
2026-09-22T04:15:00Z,AL-1091,ENT-A,vpn-node-01,Data Exfiltration,High,3474,False,"False alarm triggered by vulnerability scanner."
2026-09-22T04:30:00Z,AL-1092,ENT-A,web-server-01,Unauthorized Access,Medium,963,False,"Updated WAF rules to block SQLi attempts from the offending subnet."
2026-09-22T04:45:00Z,AL-1093,ENT-A,hr-portal-internal,Unauthorized Access,Low,1704,False,"Quarantined suspicious email attachment. Ran full EDR scan, no infection found."
2026-09-22T05:00:00Z,AL-1094,ENT-A,db-prod-02,Phishing,Medium,1723,False,"Reset user credentials and enforced MFA after suspicious login attempt."
2026-09-22T05:15:00Z,AL-1095,ENT-A,hr-portal-internal,Data Exfiltration,Low,1273,False,"Quarantined suspicious email attachment. Ran full EDR scan, no infection found."
2026-09-22T05:30:00Z,AL-1096,ENT-A,finance-db-01,Phishing,Critical,2,False,"Quarantined suspicious email attachment. Ran full EDR scan, no infection found."
2026-09-22T05:45:00Z,AL-1097,ENT-A,web-server-01,Suspicious Login,Critical,14138,False,"False alarm triggered by vulnerability scanner."
2026-09-23T06:00:00Z,AL-1098,ENT-A,finance-db-01,Unauthorized Access,Critical,10,False,"Updated WAF rules to block SQLi attempts from the offending subnet."
2026-09-23T06:15:00Z,AL-1099,ENT-A,app-gateway-east,Suspicious Login,Critical,6,False,"False alarm triggered by vulnerability scanner."
2026-09-23T06:30:00Z,AL-1100,ENT-A,hr-portal-internal,Phishing,Critical,17983,False,"Traffic spike was due to marketing campaign. No DDoS detected."
2026-09-23T06:45:00Z,AL-1101,ENT-A,web-server-01,Data Exfiltration,High,3474,False,"Quarantined suspicious email attachment. Ran full EDR scan, no infection found."
2026-09-23T07:00:00Z,AL-1102,ENT-A,finance-db-01,Suspicious Login,Critical,5539,False,"False alarm triggered by vulnerability scanner."
2026-09-23T07:15:00Z,AL-1103,ENT-A,finance-db-01,Suspicious Login,Medium,1289,False,"User confirmed login from new device. Marked as safe."
2026-09-23T07:30:00Z,AL-1104,ENT-A,web-server-01,Suspicious Login,Low,1704,False,"Quarantined suspicious email attachment. Ran full EDR scan, no infection found."
2026-09-23T07:45:00Z,AL-1105,ENT-A,vpn-node-01,Malware,Critical,3935,False,"Checked logs. All good."
2026-09-24T08:00:00Z,AL-1106,ENT-A,finance-db-01,Data Exfiltration,Critical,9329,False,"Quarantined suspicious email attachment. Ran full EDR scan, no infection found."
2026-09-24T08:15:00Z,AL-1107,ENT-A,web-server-01,Unauthorized Access,Medium,3044,False,"Updated WAF rules to block SQLi attempts from the offending subnet."
2026-09-24T08:30:00Z,AL-1108,ENT-A,db-prod-02,Suspicious Login,Critical,10156,True,"User confirmed login from new device. Marked as safe."
2026-09-24T08:45:00Z,AL-1109,ENT-A,app-gateway-east,Unauthorized Access,Low,1131,False,"Checked logs. All good."
2026-09-24T09:00:00Z,AL-1110,ENT-A,hr-portal-internal,Phishing,Medium,1771,False,"Analyzed payload in sandbox. Quarantined file and wiped directory."
2026-09-24T10:20:00Z,AL-1111,ENT-A,db-prod-02,DDoS,Medium,4657,False,"Traffic spike was due to marketing campaign. No DDoS detected."
2026-09-24T10:40:00Z,AL-1112,ENT-A,finance-db-01,DDoS,Medium,3275,False,"Reviewed firewall rules and confirmed no misconfiguration."
2026-09-24T11:00:00Z,AL-1113,ENT-A,web-server-01,Data Exfiltration,Low,764,False,"False alarm triggered by vulnerability scanner."
2026-09-24T11:20:00Z,AL-1114,ENT-A,app-gateway-east,Malware,Low,1286,False,"Verified with DB admin, large export was authorized."
2026-09-24T11:40:00Z,AL-1115,ENT-A,app-gateway-east,Unauthorized Access,Low,888,False,"Verified with DB admin, large export was authorized."
2026-09-24T12:00:00Z,AL-1116,ENT-A,app-gateway-east,Phishing,Medium,4919,False,"Verified with DB admin, large export was authorized."
2026-09-24T12:20:00Z,AL-1117,ENT-A,vpn-node-01,DDoS,Medium,4745,False,"Patched vulnerable service and rebooted server."
2026-09-24T12:40:00Z,AL-1118,ENT-A,db-prod-02,Suspicious Login,Low,969,False,"Investigated logs and found no lateral movement. Blocked source IP."
2026-09-24T13:00:00Z,AL-1119,ENT-A,hr-portal-internal,DDoS,Low,2184,False,"Isolated the endpoint and ran an offline malware scan."
2026-09-24T13:20:00Z,AL-1120,ENT-A,db-prod-02,Unauthorized Access,Low,2322,False,"Investigated logs and found no lateral movement. Blocked source IP."
2026-09-24T13:40:00Z,AL-1121,ENT-A,finance-db-01,Unauthorized Access,Medium,4774,False,"Patched vulnerable service and rebooted server."
2026-09-24T14:00:00Z,AL-1122,ENT-A,db-prod-02,Data Exfiltration,Low,1847,False,"Verified with DB admin, large export was authorized."
2026-09-24T14:20:00Z,AL-1123,ENT-A,finance-db-01,Data Exfiltration,Medium,4325,False,"Isolated the endpoint and ran an offline malware scan."
2026-09-24T14:40:00Z,AL-1124,ENT-A,app-gateway-east,Data Exfiltration,Medium,3721,False,"Updated WAF rules to block SQLi attempts from the offending subnet."
2026-09-24T15:00:00Z,AL-1125,ENT-A,vpn-node-01,DDoS,Low,2266,False,"User confirmed login from new device. Marked as safe."
2026-09-24T15:20:00Z,AL-1126,ENT-A,app-gateway-east,Suspicious Login,Medium,2534,False,"Verified with DB admin, large export was authorized."
2026-09-24T15:40:00Z,AL-1127,ENT-A,finance-db-01,Suspicious Login,Medium,4641,False,"Reviewed firewall rules and confirmed no misconfiguration."
2026-09-24T16:00:00Z,AL-1128,ENT-A,vpn-node-01,Data Exfiltration,Medium,2102,False,"Investigated logs and found no lateral movement. Blocked source IP."
2026-09-24T16:20:00Z,AL-1129,ENT-A,finance-db-01,Data Exfiltration,Medium,2174,False,"Investigated logs and found no lateral movement. Blocked source IP."
2026-09-24T16:40:00Z,AL-1130,ENT-A,app-gateway-east,Suspicious Login,Low,2070,False,"Investigated logs and found no lateral movement. Blocked source IP."
2026-09-25T10:00:00Z,AL-1131,ENT-A,web-server-01,Malware,Low,2,False,"Analyzed payload in sandbox. Quarantined file and wiped directory."
2026-09-25T10:15:00Z,AL-1132,ENT-A,db-prod-02,Malware,Medium,3,False,"Updated WAF rules to block SQLi attempts from the offending subnet."
2026-09-25T10:30:00Z,AL-1133,ENT-A,app-gateway-east,DDoS,Medium,5,False,"Patched vulnerable service and rebooted server."
2026-09-25T10:45:00Z,AL-1134,ENT-A,vpn-node-01,Data Exfiltration,Low,2,False,"False alarm triggered by vulnerability scanner."
2026-09-25T11:00:00Z,AL-1135,ENT-A,db-prod-02,Brute Force,Medium,8,False,"Quarantined suspicious email attachment. Ran full EDR scan, no infection found."
2026-09-25T11:15:00Z,AL-1136,ENT-A,web-server-01,Brute Force,Critical,10,False,"Verified failed logins. Reset user credentials and blocked IP."
2026-09-25T11:30:00Z,AL-1137,ENT-A,finance-db-01,DDoS,High,5,False,"Applied rate limiting to source IPs. Traffic normalized."
2026-09-25T11:45:00Z,AL-1138,ENT-A,db-prod-02,Unauthorized Access,Medium,3600,False,"Checked logs. All good."
2026-09-25T12:00:00Z,AL-1139,ENT-A,db-prod-02,Malware,Low,600,False,"Checked logs. All good."
2026-09-25T12:15:00Z,AL-1140,ENT-A,finance-db-01,Phishing,Medium,1800,False,"Checked logs. All good."
2026-09-25T12:30:00Z,AL-1141,ENT-A,web-server-01,Suspicious Login,Medium,2200,False,"Analyzed payload in sandbox. Quarantined file and wiped directory."
2026-09-25T12:45:00Z,AL-1142,ENT-A,app-gateway-east,Unauthorized Access,Medium,3200,True,"Analyzed adware strain. Removed and ran full system scan."
2026-09-25T13:00:00Z,AL-1143,ENT-A,web-server-01,Brute Force,Low,1,False,"Analyzed payload in sandbox. Quarantined file and wiped directory."
2026-09-25T13:15:00Z,AL-1144,ENT-A,web-server-01,Data Exfiltration,Low,1,False,"Analyzed payload in sandbox. Quarantined file and wiped directory."
2026-09-25T13:30:00Z,AL-1145,ENT-A,web-server-01,Data Exfiltration,Low,2,False,"Checked logs. All good."
2026-09-25T13:45:00Z,AL-1146,ENT-A,web-server-01,DDoS,Low,2,False,"Checked logs. All good."
2026-09-25T14:00:00Z,AL-1147,ENT-A,vpn-node-01,Suspicious Login,Low,1200,False,"User confirmed login from new device. Marked as safe."
2026-09-25T14:15:00Z,AL-1148,ENT-A,hr-portal-internal,DDoS,Medium,300,False,"Checked logs. All good."
2026-09-25T14:30:00Z,AL-1149,ENT-A,hr-portal-internal,Brute Force,Medium,300,False,"Checked logs. All good."
2026-09-25T14:45:00Z,AL-1150,ENT-A,web-server-01,Unauthorized Access,Medium,1,False,"False alarm triggered by vulnerability scanner."
2026-09-25T15:00:00Z,AL-1151,ENT-A,finance-db-01,Data Exfiltration,High,3,False,"Updated WAF rules to block SQLi attempts from the offending subnet."